pclass,sex,age,sibsp,parch,fare,embarked,class,who,adult_male,deck,embark_town,alive,alone,survived,prediction_label,prediction_score
3,male,22.0,1,0,7.25,S,Third,man,True,,Southampton,no,False,0,0,0.9231
1,female,38.0,1,0,71.2833,C,First,woman,False,C,Cherbourg,yes,False,1,1,0.9606
3,female,26.0,0,0,7.925,S,Third,woman,False,,Southampton,yes,True,1,1,0.635
1,female,35.0,1,0,53.1,S,First,woman,False,C,Southampton,yes,False,1,1,0.9495
3,male,35.0,0,0,8.05,S,Third,man,True,,Southampton,no,True,0,0,0.9313
3,male,,0,0,8.4583,Q,Third,man,True,,Queenstown,no,True,0,0,0.898
1,male,54.0,0,0,51.8625,S,First,man,True,E,Southampton,no,True,0,0,0.7892
3,male,2.0,3,1,21.075,S,Third,child,False,,Southampton,no,False,0,0,0.7968
3,female,27.0,0,2,11.1333,S,Third,woman,False,,Southampton,yes,False,1,1,0.6592
2,female,14.0,1,0,30.0708,C,Second,child,False,,Cherbourg,yes,False,1,1,0.9319
3,female,4.0,1,1,16.7,S,Third,child,False,G,Southampton,yes,False,1,1,0.8321
1,female,58.0,0,0,26.55,S,First,woman,False,C,Southampton,yes,True,1,1,0.8473
3,male,20.0,0,0,8.05,S,Third,man,True,,Southampton,no,True,0,0,0.887
3,male,39.0,1,5,31.275,S,Third,man,True,,Southampton,no,False,0,0,0.9397
3,female,14.0,0,0,7.8542,S,Third,child,False,,Southampton,no,True,0,1,0.5022
2,female,55.0,0,0,16.0,S,Second,woman,False,,Southampton,yes,True,1,1,0.8231
3,male,2.0,4,1,29.125,Q,Third,child,False,,Queenstown,no,False,0,0,0.8786
2,male,,0,0,13.0,S,Second,man,True,,Southampton,yes,True,1,0,0.835
3,female,31.0,1,0,18.0,S,Third,woman,False,,Southampton,no,False,0,1,0.562
3,female,,0,0,7.225,C,Third,woman,False,,Cherbourg,yes,True,1,1,0.7585
2,male,35.0,0,0,26.0,S,Second,man,True,,Southampton,no,True,0,0,0.8711
2,male,34.0,0,0,13.0,S,Second,man,True,D,Southampton,yes,True,1,0,0.5728
3,female,15.0,0,0,8.0292,Q,Third,child,False,,Queenstown,yes,True,1,1,0.7862
1,male,28.0,0,0,35.5,S,First,man,True,A,Southampton,yes,True,1,1,0.5311
3,female,8.0,3,1,21.075,S,Third,child,False,,Southampton,no,False,0,0,0.8181
3,female,38.0,1,5,31.3875,S,Third,woman,False,,Southampton,yes,False,1,0,0.6519
3,male,,0,0,7.225,C,Third,man,True,,Cherbourg,no,True,0,0,0.8885
1,male,19.0,3,2,263.0,S,First,man,True,C,Southampton,no,False,0,0,0.9222
3,female,,0,0,7.8792,Q,Third,woman,False,,Queenstown,yes,True,1,1,0.7784
3,male,,0,0,7.8958,S,Third,man,True,,Southampton,no,True,0,0,0.9443
1,male,40.0,0,0,27.7208,C,First,man,True,,Cherbourg,no,True,0,0,0.8051
1,female,,1,0,146.5208,C,First,woman,False,B,Cherbourg,yes,False,1,1,0.9827
3,female,,0,0,7.75,Q,Third,woman,False,,Queenstown,yes,True,1,1,0.7365
2,male,66.0,0,0,10.5,S,Second,man,True,,Southampton,no,True,0,0,0.9132
1,male,28.0,1,0,82.1708,C,First,man,True,,Cherbourg,no,False,0,0,0.7279
1,male,42.0,1,0,52.0,S,First,man,True,,Southampton,no,False,0,0,0.8294
3,male,,0,0,7.2292,C,Third,man,True,,Cherbourg,yes,True,1,0,0.8871
3,male,21.0,0,0,8.05,S,Third,man,True,,Southampton,no,True,0,0,0.9255
3,female,18.0,2,0,18.0,S,Third,woman,False,,Southampton,no,False,0,0,0.6042
3,female,14.0,1,0,11.2417,C,Third,child,False,,Cherbourg,yes,False,1,1,0.7613
3,female,40.0,1,0,9.475,S,Third,woman,False,,Southampton,no,False,0,0,0.6836
2,female,27.0,1,0,21.0,S,Second,woman,False,,Southampton,no,False,0,1,0.6351
3,male,,0,0,7.8958,C,Third,man,True,,Cherbourg,no,True,0,0,0.8776
2,female,3.0,1,2,41.5792,C,Second,child,False,,Cherbourg,yes,False,1,1,0.9345
3,female,19.0,0,0,7.8792,Q,Third,woman,False,,Queenstown,yes,True,1,1,0.7831
3,male,,0,0,8.05,S,Third,man,True,,Southampton,no,True,0,0,0.9306
3,male,,1,0,15.5,Q,Third,man,True,,Queenstown,no,False,0,0,0.8805
3,female,,0,0,7.75,Q,Third,woman,False,,Queenstown,yes,True,1,1,0.7365
3,male,,2,0,21.6792,C,Third,man,True,,Cherbourg,no,False,0,0,0.8196
3,female,18.0,1,0,17.8,S,Third,woman,False,,Southampton,no,False,0,0,0.5555
3,male,7.0,4,1,39.6875,S,Third,child,False,,Southampton,no,False,0,0,0.9055
3,male,21.0,0,0,7.8,S,Third,man,True,,Southampton,no,True,0,0,0.9316
1,female,49.0,1,0,76.7292,C,First,woman,False,D,Cherbourg,yes,False,1,1,0.9772
2,female,29.0,1,0,26.0,S,Second,woman,False,,Southampton,yes,False,1,1,0.877
1,male,65.0,0,1,61.9792,C,First,man,True,B,Cherbourg,no,False,0,0,0.8004
1,male,,0,0,35.5,S,First,man,True,C,Southampton,yes,True,1,0,0.6556
2,female,21.0,0,0,10.5,S,Second,woman,False,,Southampton,yes,True,1,1,0.8394
3,male,28.5,0,0,7.2292,C,Third,man,True,,Cherbourg,no,True,0,0,0.8766
2,female,5.0,1,2,27.75,S,Second,child,False,,Southampton,yes,False,1,1,0.9043
3,male,11.0,5,2,46.9,S,Third,child,False,,Southampton,no,False,0,0,0.9556
3,male,22.0,0,0,7.2292,C,Third,man,True,,Cherbourg,no,True,0,0,0.7589
1,female,38.0,0,0,80.0,,First,woman,False,B,,yes,True,1,1,0.9692
1,male,45.0,1,0,83.475,S,First,man,True,C,Southampton,no,False,0,0,0.8198
3,male,4.0,3,2,27.9,S,Third,child,False,,Southampton,no,False,0,0,0.8519
1,male,,0,0,27.7208,C,First,man,True,,Cherbourg,no,True,0,0,0.684
3,male,,1,1,15.2458,C,Third,man,True,,Cherbourg,yes,False,1,0,0.6533
2,female,29.0,0,0,10.5,S,Second,woman,False,F,Southampton,yes,True,1,1,0.9071
3,male,19.0,0,0,8.1583,S,Third,man,True,,Southampton,no,True,0,0,0.8466
3,female,17.0,4,2,7.925,S,Third,woman,False,,Southampton,yes,False,1,1,0.5924
3,male,26.0,2,0,8.6625,S,Third,man,True,,Southampton,no,False,0,0,0.9385
2,male,32.0,0,0,10.5,S,Second,man,True,,Southampton,no,True,0,0,0.8695
3,female,16.0,5,2,46.9,S,Third,woman,False,,Southampton,no,False,0,0,0.9418
2,male,21.0,0,0,73.5,S,Second,man,True,,Southampton,no,True,0,0,0.8676
3,male,26.0,1,0,14.4542,C,Third,man,True,,Cherbourg,no,False,0,0,0.873
3,male,32.0,0,0,56.4958,S,Third,man,True,,Southampton,yes,True,1,1,0.5001
3,male,25.0,0,0,7.65,S,Third,man,True,F,Southampton,no,True,0,0,0.8982
3,male,,0,0,7.8958,S,Third,man,True,,Southampton,no,True,0,0,0.9443
3,male,,0,0,8.05,S,Third,man,True,,Southampton,no,True,0,0,0.9306
2,male,0.83,0,2,29.0,S,Second,child,False,,Southampton,yes,False,1,1,0.9185
3,female,30.0,0,0,12.475,S,Third,woman,False,,Southampton,yes,True,1,1,0.6488
3,male,22.0,0,0,9.0,S,Third,man,True,,Southampton,no,True,0,0,0.9408
3,male,29.0,0,0,9.5,S,Third,man,True,,Southampton,yes,True,1,0,0.7906
3,female,,0,0,7.7875,Q,Third,woman,False,,Queenstown,yes,True,1,1,0.7812
1,male,28.0,0,0,47.1,S,First,man,True,,Southampton,no,True,0,0,0.8236
2,female,17.0,0,0,10.5,S,Second,woman,False,,Southampton,yes,True,1,1,0.8922
3,female,33.0,3,0,15.85,S,Third,woman,False,,Southampton,yes,False,1,1,0.6821
3,male,16.0,1,3,34.375,S,Third,man,True,,Southampton,no,False,0,0,0.9177
3,male,,0,0,8.05,S,Third,man,True,,Southampton,no,True,0,0,0.9306
1,female,23.0,3,2,263.0,S,First,woman,False,C,Southampton,yes,False,1,1,0.857
3,male,24.0,0,0,8.05,S,Third,man,True,,Southampton,no,True,0,0,0.9386
3,male,29.0,0,0,8.05,S,Third,man,True,,Southampton,no,True,0,0,0.9145
3,male,20.0,0,0,7.8542,S,Third,man,True,,Southampton,no,True,0,0,0.927
1,male,46.0,1,0,61.175,S,First,man,True,E,Southampton,no,False,0,0,0.6993
3,male,26.0,1,2,20.575,S,Third,man,True,,Southampton,no,False,0,0,0.943
3,male,59.0,0,0,7.25,S,Third,man,True,,Southampton,no,True,0,0,0.971
3,male,,0,0,8.05,S,Third,man,True,,Southampton,no,True,0,0,0.9306
1,male,71.0,0,0,34.6542,C,First,man,True,A,Cherbourg,no,True,0,0,0.7623
1,male,23.0,0,1,63.3583,C,First,man,True,D,Cherbourg,yes,False,1,1,0.703
2,female,34.0,0,1,23.0,S,Second,woman,False,,Southampton,yes,False,1,1,0.9094
2,male,34.0,1,0,26.0,S,Second,man,True,,Southampton,no,False,0,0,0.8674
3,female,28.0,0,0,7.8958,S,Third,woman,False,,Southampton,no,True,0,0,0.5881
3,male,,0,0,7.8958,S,Third,man,True,,Southampton,no,True,0,0,0.9443
1,male,21.0,0,1,77.2875,S,First,man,True,D,Southampton,no,False,0,0,0.6143
3,male,33.0,0,0,8.6542,S,Third,man,True,,Southampton,no,True,0,0,0.9307
3,male,37.0,2,0,7.925,S,Third,man,True,,Southampton,no,False,0,0,0.9171
3,male,28.0,0,0,7.8958,S,Third,man,True,,Southampton,no,True,0,0,0.9443
3,female,21.0,0,0,7.65,S,Third,woman,False,,Southampton,yes,True,1,1,0.6681
3,male,,0,0,7.775,S,Third,man,True,,Southampton,yes,True,1,0,0.8679
3,male,38.0,0,0,7.8958,S,Third,man,True,,Southampton,no,True,0,0,0.9536
3,female,,1,0,24.15,Q,Third,woman,False,,Queenstown,yes,False,1,1,0.6504
1,male,47.0,0,0,52.0,S,First,man,True,C,Southampton,no,True,0,0,0.8486
3,female,14.5,1,0,14.4542,C,Third,child,False,,Cherbourg,no,False,0,1,0.5368
3,male,22.0,0,0,8.05,S,Third,man,True,,Southampton,no,True,0,0,0.936
3,female,20.0,1,0,9.825,S,Third,woman,False,,Southampton,no,False,0,0,0.5899
3,female,17.0,0,0,14.4583,C,Third,woman,False,,Cherbourg,no,True,0,0,0.5587
3,male,21.0,0,0,7.925,S,Third,man,True,,Southampton,no,True,0,0,0.9031
3,male,70.5,0,0,7.75,Q,Third,man,True,,Queenstown,no,True,0,0,0.974
2,male,29.0,1,0,21.0,S,Second,man,True,,Southampton,no,False,0,0,0.9126
1,male,24.0,0,1,247.5208,C,First,man,True,B,Cherbourg,no,False,0,0,0.5666
3,female,2.0,4,2,31.275,S,Third,child,False,,Southampton,no,False,0,0,0.8922
2,male,21.0,2,0,73.5,S,Second,man,True,,Southampton,no,False,0,0,0.9116
3,male,,0,0,8.05,S,Third,man,True,,Southampton,no,True,0,0,0.9306
2,male,32.5,1,0,30.0708,C,Second,man,True,,Cherbourg,no,False,0,0,0.8205
2,female,32.5,0,0,13.0,S,Second,woman,False,E,Southampton,yes,True,1,1,0.9641
1,male,54.0,0,1,77.2875,S,First,man,True,D,Southampton,no,False,0,0,0.7648
3,male,12.0,1,0,11.2417,C,Third,child,False,,Cherbourg,yes,False,1,1,0.7787
3,male,,0,0,7.75,Q,Third,man,True,,Queenstown,no,True,0,0,0.8786
3,male,24.0,0,0,7.1417,S,Third,man,True,,Southampton,yes,True,1,0,0.6554
3,female,,1,1,22.3583,C,Third,woman,False,F,Cherbourg,yes,False,1,1,0.8351
3,male,45.0,0,0,6.975,S,Third,man,True,,Southampton,no,True,0,0,0.966
3,male,33.0,0,0,7.8958,C,Third,man,True,,Cherbourg,no,True,0,0,0.9232
3,male,20.0,0,0,7.05,S,Third,man,True,,Southampton,no,True,0,0,0.9262
3,female,47.0,1,0,14.5,S,Third,woman,False,,Southampton,no,False,0,0,0.7506
2,female,29.0,1,0,26.0,S,Second,woman,False,,Southampton,yes,False,1,1,0.877
2,male,25.0,0,0,13.0,S,Second,man,True,,Southampton,no,True,0,0,0.9028
2,male,23.0,0,0,15.0458,C,Second,man,True,,Cherbourg,no,True,0,0,0.8684
1,female,19.0,0,2,26.2833,S,First,woman,False,D,Southampton,yes,False,1,1,0.9712
1,male,37.0,1,0,53.1,S,First,man,True,C,Southampton,no,False,0,0,0.7166
3,male,16.0,0,0,9.2167,S,Third,man,True,,Southampton,no,True,0,0,0.9173
1,male,24.0,0,0,79.2,C,First,man,True,B,Cherbourg,no,True,0,0,0.5848
3,female,,0,2,15.2458,C,Third,woman,False,,Cherbourg,no,False,0,1,0.6091
3,female,22.0,0,0,7.75,S,Third,woman,False,,Southampton,yes,True,1,1,0.6708
3,female,24.0,1,0,15.85,S,Third,woman,False,,Southampton,yes,False,1,1,0.6466
3,male,19.0,0,0,6.75,Q,Third,man,True,,Queenstown,no,True,0,0,0.9314
2,male,18.0,0,0,11.5,S,Second,man,True,,Southampton,no,True,0,0,0.8738
2,male,19.0,1,1,36.75,S,Second,man,True,,Southampton,no,False,0,0,0.901
3,male,27.0,0,0,7.7958,S,Third,man,True,,Southampton,yes,True,1,0,0.6802
3,female,9.0,2,2,34.375,S,Third,child,False,,Southampton,no,False,0,0,0.7781
2,male,36.5,0,2,26.0,S,Second,man,True,F,Southampton,no,False,0,0,0.8133
2,male,42.0,0,0,13.0,S,Second,man,True,,Southampton,no,True,0,0,0.8197
2,male,51.0,0,0,12.525,S,Second,man,True,,Southampton,no,True,0,0,0.9155
1,female,22.0,1,0,66.6,S,First,woman,False,C,Southampton,yes,False,1,1,0.9506
3,male,55.5,0,0,8.05,S,Third,man,True,,Southampton,no,True,0,0,0.9393
3,male,40.5,0,2,14.5,S,Third,man,True,,Southampton,no,False,0,0,0.9598
3,male,,0,0,7.3125,S,Third,man,True,,Southampton,no,True,0,0,0.9478
1,male,51.0,0,1,61.3792,C,First,man,True,,Cherbourg,no,False,0,0,0.7604
3,female,16.0,0,0,7.7333,Q,Third,woman,False,,Queenstown,yes,True,1,1,0.8023
3,male,30.0,0,0,8.05,S,Third,man,True,,Southampton,no,True,0,0,0.9235
3,male,,0,0,8.6625,S,Third,man,True,,Southampton,no,True,0,0,0.901
3,male,,8,2,69.55,S,Third,man,True,,Southampton,no,False,0,0,0.9813
3,male,44.0,0,1,16.1,S,Third,man,True,,Southampton,no,False,0,0,0.9501
2,female,40.0,0,0,15.75,S,Second,woman,False,,Southampton,yes,True,1,1,0.8715
3,male,26.0,0,0,7.775,S,Third,man,True,,Southampton,no,True,0,0,0.8562
3,male,17.0,0,0,8.6625,S,Third,man,True,,Southampton,no,True,0,0,0.9193
3,male,1.0,4,1,39.6875,S,Third,child,False,,Southampton,no,False,0,0,0.8847
3,male,9.0,0,2,20.525,S,Third,child,False,,Southampton,yes,False,1,1,0.686
1,female,,0,1,55.0,S,First,woman,False,E,Southampton,yes,False,1,1,0.9884
3,female,45.0,1,4,27.9,S,Third,woman,False,,Southampton,no,False,0,0,0.8782
1,male,,0,0,25.925,S,First,man,True,,Southampton,no,True,0,0,0.8257
3,male,28.0,0,0,56.4958,S,Third,man,True,,Southampton,no,True,0,0,0.638
1,male,61.0,0,0,33.5,S,First,man,True,B,Southampton,no,True,0,0,0.8209
3,male,4.0,4,1,29.125,Q,Third,child,False,,Queenstown,no,False,0,0,0.8411
3,female,1.0,1,1,11.1333,S,Third,child,False,,Southampton,yes,False,1,1,0.8291
3,male,21.0,0,0,7.925,S,Third,man,True,,Southampton,no,True,0,0,0.9031
1,male,56.0,0,0,30.6958,C,First,man,True,A,Cherbourg,no,True,0,0,0.7013
3,male,18.0,1,1,7.8542,S,Third,man,True,,Southampton,no,False,0,0,0.9296
3,male,,3,1,25.4667,S,Third,man,True,,Southampton,no,False,0,0,0.9798
1,female,50.0,0,0,28.7125,C,First,woman,False,C,Cherbourg,no,True,0,1,0.7491
2,male,30.0,0,0,13.0,S,Second,man,True,,Southampton,no,True,0,0,0.8475
3,male,36.0,0,0,0.0,S,Third,man,True,,Southampton,no,True,0,0,0.963
3,female,,8,2,69.55,S,Third,woman,False,,Southampton,no,False,0,0,0.971
2,male,,0,0,15.05,C,Second,man,True,,Cherbourg,no,True,0,0,0.841
3,male,9.0,4,2,31.3875,S,Third,child,False,,Southampton,no,False,0,0,0.9025
2,male,1.0,2,1,39.0,S,Second,child,False,F,Southampton,yes,False,1,1,0.9255
3,female,4.0,0,2,22.025,S,Third,child,False,,Southampton,yes,False,1,1,0.8122
1,male,,0,0,50.0,S,First,man,True,A,Southampton,no,True,0,0,0.7284
3,female,,1,0,15.5,Q,Third,woman,False,,Queenstown,yes,False,1,1,0.7644
1,male,45.0,0,0,26.55,S,First,man,True,,Southampton,yes,True,1,0,0.6495
3,male,40.0,1,1,15.5,Q,Third,man,True,,Queenstown,no,False,0,0,0.9606
3,male,36.0,0,0,7.8958,S,Third,man,True,,Southampton,no,True,0,0,0.9478
2,female,32.0,0,0,13.0,S,Second,woman,False,,Southampton,yes,True,1,1,0.8924
2,male,19.0,0,0,13.0,S,Second,man,True,,Southampton,no,True,0,0,0.8869
3,female,19.0,1,0,7.8542,S,Third,woman,False,,Southampton,yes,False,1,1,0.6763
2,male,3.0,1,1,26.0,S,Second,child,False,F,Southampton,yes,False,1,1,0.9471
1,female,44.0,0,0,27.7208,C,First,woman,False,B,Cherbourg,yes,True,1,1,0.8798
1,female,58.0,0,0,146.5208,C,First,woman,False,B,Cherbourg,yes,True,1,1,0.9632
3,male,,0,0,7.75,Q,Third,man,True,,Queenstown,no,True,0,0,0.8786
3,male,42.0,0,1,8.4042,S,Third,man,True,,Southampton,no,False,0,0,0.94
3,female,,0,0,7.75,Q,Third,woman,False,,Queenstown,yes,True,1,1,0.7365
2,female,24.0,0,0,13.0,S,Second,woman,False,,Southampton,no,True,0,1,0.6748
3,male,28.0,0,0,9.5,S,Third,man,True,,Southampton,no,True,0,0,0.8982
3,male,,8,2,69.55,S,Third,man,True,,Southampton,no,False,0,0,0.9813
3,male,34.0,0,0,6.4958,S,Third,man,True,,Southampton,no,True,0,0,0.9597
3,male,45.5,0,0,7.225,C,Third,man,True,,Cherbourg,no,True,0,0,0.9509
3,male,18.0,0,0,8.05,S,Third,man,True,,Southampton,yes,True,1,0,0.7711
3,female,2.0,0,1,10.4625,S,Third,child,False,G,Southampton,no,False,0,1,0.5673
3,male,32.0,1,0,15.85,S,Third,man,True,,Southampton,no,False,0,0,0.8856
3,male,26.0,0,0,18.7875,C,Third,man,True,,Cherbourg,yes,True,1,0,0.6513
3,female,16.0,0,0,7.75,Q,Third,woman,False,,Queenstown,yes,True,1,1,0.7562
1,male,40.0,0,0,31.0,C,First,man,True,A,Cherbourg,yes,True,1,1,0.6171
3,male,24.0,0,0,7.05,S,Third,man,True,,Southampton,no,True,0,0,0.9073
2,female,35.0,0,0,21.0,S,Second,woman,False,,Southampton,yes,True,1,1,0.8987
3,male,22.0,0,0,7.25,S,Third,man,True,,Southampton,no,True,0,0,0.927
2,male,30.0,0,0,13.0,S,Second,man,True,,Southampton,no,True,0,0,0.8475
3,male,,1,0,7.75,Q,Third,man,True,,Queenstown,no,False,0,0,0.8859
1,female,31.0,1,0,113.275,C,First,woman,False,D,Cherbourg,yes,False,1,1,0.9866
3,female,27.0,0,0,7.925,S,Third,woman,False,,Southampton,yes,True,1,1,0.6762
2,male,42.0,1,0,27.0,S,Second,man,True,,Southampton,no,False,0,0,0.8827
1,female,32.0,0,0,76.2917,C,First,woman,False,D,Cherbourg,yes,True,1,1,0.9848
2,male,30.0,0,0,10.5,S,Second,man,True,,Southampton,no,True,0,0,0.8801
3,male,16.0,0,0,8.05,S,Third,man,True,,Southampton,yes,True,1,0,0.7857
2,male,27.0,0,0,13.0,S,Second,man,True,,Southampton,no,True,0,0,0.8323
3,male,51.0,0,0,8.05,S,Third,man,True,,Southampton,no,True,0,0,0.9232
3,male,,0,0,7.8958,S,Third,man,True,,Southampton,no,True,0,0,0.9443
1,male,38.0,1,0,90.0,S,First,man,True,C,Southampton,yes,False,1,0,0.5897
3,male,22.0,0,0,9.35,S,Third,man,True,,Southampton,no,True,0,0,0.9407
2,male,19.0,0,0,10.5,S,Second,man,True,,Southampton,yes,True,1,0,0.8395
3,male,20.5,0,0,7.25,S,Third,man,True,,Southampton,no,True,0,0,0.9244
2,male,18.0,0,0,13.0,S,Second,man,True,,Southampton,no,True,0,0,0.8906
3,female,,3,1,25.4667,S,Third,woman,False,,Southampton,no,False,0,0,0.8811
1,female,35.0,1,0,83.475,S,First,woman,False,C,Southampton,yes,False,1,1,0.9521
3,male,29.0,0,0,7.775,S,Third,man,True,,Southampton,no,True,0,0,0.8568
2,male,59.0,0,0,13.5,S,Second,man,True,,Southampton,no,True,0,0,0.934
3,female,5.0,4,2,31.3875,S,Third,child,False,,Southampton,yes,False,1,0,0.5381
2,male,24.0,0,0,10.5,S,Second,man,True,,Southampton,no,True,0,0,0.9112
3,female,,0,0,7.55,S,Third,woman,False,,Southampton,no,True,0,1,0.5078
2,male,44.0,1,0,26.0,S,Second,man,True,,Southampton,no,False,0,0,0.934
2,female,8.0,0,2,26.25,S,Second,child,False,,Southampton,yes,False,1,1,0.9174
2,male,19.0,0,0,10.5,S,Second,man,True,,Southampton,no,True,0,0,0.8395
2,male,33.0,0,0,12.275,S,Second,man,True,,Southampton,no,True,0,0,0.903
3,female,,1,0,14.4542,C,Third,woman,False,,Cherbourg,no,False,0,0,0.5762
3,female,,1,0,15.5,Q,Third,woman,False,,Queenstown,yes,False,1,1,0.7644
2,male,29.0,0,0,10.5,S,Second,man,True,,Southampton,no,True,0,0,0.8649
3,male,22.0,0,0,7.125,S,Third,man,True,,Southampton,no,True,0,0,0.9145
3,male,30.0,0,0,7.225,C,Third,man,True,,Cherbourg,no,True,0,0,0.9305
1,male,44.0,2,0,90.0,Q,First,man,True,C,Queenstown,no,False,0,0,0.7544
3,female,25.0,0,0,7.775,S,Third,woman,False,,Southampton,no,True,0,1,0.507
2,female,24.0,0,2,14.5,S,Second,woman,False,,Southampton,yes,False,1,1,0.8281
1,male,37.0,1,1,52.5542,S,First,man,True,D,Southampton,yes,False,1,1,0.6112
2,male,54.0,1,0,26.0,S,Second,man,True,,Southampton,no,False,0,0,0.9395
3,male,,0,0,7.25,S,Third,man,True,,Southampton,no,True,0,0,0.9478
3,female,29.0,1,1,10.4625,S,Third,woman,False,G,Southampton,no,False,0,0,0.7023
1,male,62.0,0,0,26.55,S,First,man,True,C,Southampton,no,True,0,0,0.8129
3,male,30.0,1,0,16.1,S,Third,man,True,,Southampton,no,False,0,0,0.9357
3,female,41.0,0,2,20.2125,S,Third,woman,False,,Southampton,no,False,0,0,0.608
3,female,29.0,0,2,15.2458,C,Third,woman,False,,Cherbourg,yes,False,1,1,0.6864
1,female,,0,0,79.2,C,First,woman,False,,Cherbourg,yes,True,1,1,0.9693
1,female,30.0,0,0,86.5,S,First,woman,False,B,Southampton,yes,True,1,1,0.9742
1,female,35.0,0,0,512.3292,C,First,woman,False,,Cherbourg,yes,True,1,1,0.983
2,female,50.0,0,1,26.0,S,Second,woman,False,,Southampton,yes,False,1,1,0.847
3,male,,0,0,7.75,Q,Third,man,True,,Queenstown,no,True,0,0,0.8786
3,male,3.0,4,2,31.3875,S,Third,child,False,,Southampton,yes,False,1,0,0.6055
1,male,52.0,1,1,79.65,S,First,man,True,E,Southampton,no,False,0,0,0.6964
1,male,40.0,0,0,0.0,S,First,man,True,B,Southampton,no,True,0,0,0.8631
3,female,,0,0,7.75,Q,Third,woman,False,,Queenstown,no,True,0,1,0.7365
2,male,36.0,0,0,10.5,S,Second,man,True,,Southampton,no,True,0,0,0.9142
3,male,16.0,4,1,39.6875,S,Third,man,True,,Southampton,no,False,0,0,0.9703
3,male,25.0,1,0,7.775,S,Third,man,True,,Southampton,yes,False,1,0,0.8403
1,female,58.0,0,1,153.4625,S,First,woman,False,C,Southampton,yes,False,1,1,0.9374
1,female,35.0,0,0,135.6333,S,First,woman,False,C,Southampton,yes,True,1,1,0.9625
1,male,,0,0,31.0,S,First,man,True,,Southampton,no,True,0,0,0.72
3,male,25.0,0,0,0.0,S,Third,man,True,,Southampton,yes,True,1,0,0.7925
2,female,41.0,0,1,19.5,S,Second,woman,False,,Southampton,yes,False,1,1,0.8711
1,male,37.0,0,1,29.7,C,First,man,True,C,Cherbourg,no,False,0,0,0.8019
3,female,,0,0,7.75,Q,Third,woman,False,,Queenstown,yes,True,1,1,0.7365
1,female,63.0,1,0,77.9583,S,First,woman,False,D,Southampton,yes,False,1,1,0.9595
3,female,45.0,0,0,7.75,S,Third,woman,False,,Southampton,no,True,0,0,0.6347
2,male,,0,0,0.0,S,Second,man,True,,Southampton,no,True,0,0,0.9209
3,male,7.0,4,1,29.125,Q,Third,child,False,,Queenstown,no,False,0,0,0.8971
3,female,35.0,1,1,20.25,S,Third,woman,False,,Southampton,yes,False,1,1,0.6408
3,male,65.0,0,0,7.75,Q,Third,man,True,,Queenstown,no,True,0,0,0.9723
3,male,28.0,0,0,7.8542,S,Third,man,True,,Southampton,no,True,0,0,0.9334
3,male,16.0,0,0,9.5,S,Third,man,True,,Southampton,no,True,0,0,0.9143
3,male,19.0,0,0,8.05,S,Third,man,True,,Southampton,yes,True,1,0,0.7569
1,male,,0,0,26.0,S,First,man,True,A,Southampton,no,True,0,0,0.7139
3,male,33.0,0,0,8.6625,C,Third,man,True,,Cherbourg,no,True,0,0,0.9289
3,male,30.0,0,0,9.5,S,Third,man,True,,Southampton,yes,True,1,0,0.7962
3,male,22.0,0,0,7.8958,S,Third,man,True,,Southampton,no,True,0,0,0.943
2,male,42.0,0,0,13.0,S,Second,man,True,,Southampton,yes,True,1,0,0.8197
3,female,22.0,0,0,7.75,Q,Third,woman,False,,Queenstown,yes,True,1,1,0.7545
1,female,26.0,0,0,78.85,S,First,woman,False,,Southampton,yes,True,1,1,0.947
1,female,19.0,1,0,91.0792,C,First,woman,False,B,Cherbourg,yes,False,1,1,0.9838
2,male,36.0,0,0,12.875,C,Second,man,True,D,Cherbourg,no,True,0,0,0.702
3,female,24.0,0,0,8.85,S,Third,woman,False,,Southampton,no,True,0,0,0.6163
3,male,24.0,0,0,7.8958,S,Third,man,True,,Southampton,no,True,0,0,0.9445
1,male,,0,0,27.7208,C,First,man,True,,Cherbourg,no,True,0,0,0.684
3,male,23.5,0,0,7.2292,C,Third,man,True,,Cherbourg,no,True,0,0,0.8152
1,female,2.0,1,2,151.55,S,First,child,False,C,Southampton,no,False,0,1,0.6302
1,male,,0,0,30.5,S,First,man,True,C,Southampton,yes,True,1,0,0.5032
1,female,50.0,0,1,247.5208,C,First,woman,False,B,Cherbourg,yes,False,1,1,0.9717
3,female,,0,0,7.75,Q,Third,woman,False,,Queenstown,yes,True,1,1,0.7365
3,male,,2,0,23.25,Q,Third,man,True,,Queenstown,yes,False,1,0,0.8124
3,male,19.0,0,0,0.0,S,Third,man,True,,Southampton,no,True,0,0,0.9291
2,female,,0,0,12.35,Q,Second,woman,False,E,Queenstown,yes,True,1,1,0.9691
3,male,,0,0,8.05,S,Third,man,True,,Southampton,no,True,0,0,0.9306
1,male,0.92,1,2,151.55,S,First,child,False,C,Southampton,yes,False,1,1,0.7676
1,female,,0,0,110.8833,C,First,woman,False,,Cherbourg,yes,True,1,1,0.9738
1,female,17.0,1,0,108.9,C,First,woman,False,C,Cherbourg,yes,False,1,1,0.9751
2,male,30.0,1,0,24.0,C,Second,man,True,,Cherbourg,no,False,0,0,0.8745
1,female,30.0,0,0,56.9292,C,First,woman,False,E,Cherbourg,yes,True,1,1,0.9911
1,female,24.0,0,0,83.1583,C,First,woman,False,C,Cherbourg,yes,True,1,1,0.9671
1,female,18.0,2,2,262.375,C,First,woman,False,B,Cherbourg,yes,False,1,1,0.9614
2,female,26.0,1,1,26.0,S,Second,woman,False,,Southampton,no,False,0,1,0.6454
3,male,28.0,0,0,7.8958,S,Third,man,True,,Southampton,no,True,0,0,0.9443
2,male,43.0,1,1,26.25,S,Second,man,True,,Southampton,no,False,0,0,0.9438
3,female,26.0,0,0,7.8542,S,Third,woman,False,,Southampton,yes,True,1,1,0.6675
2,female,24.0,1,0,26.0,S,Second,woman,False,,Southampton,yes,False,1,1,0.8758
2,male,54.0,0,0,14.0,S,Second,man,True,,Southampton,no,True,0,0,0.9415
1,female,31.0,0,2,164.8667,S,First,woman,False,C,Southampton,yes,False,1,1,0.9517
1,female,40.0,1,1,134.5,C,First,woman,False,E,Cherbourg,yes,False,1,1,0.9866
3,male,22.0,0,0,7.25,S,Third,man,True,,Southampton,no,True,0,0,0.927
3,male,27.0,0,0,7.8958,S,Third,man,True,,Southampton,no,True,0,0,0.9175
2,female,30.0,0,0,12.35,Q,Second,woman,False,,Queenstown,yes,True,1,1,0.8858
2,female,22.0,1,1,29.0,S,Second,woman,False,,Southampton,yes,False,1,1,0.8902
3,male,,8,2,69.55,S,Third,man,True,,Southampton,no,False,0,0,0.9813
1,female,36.0,0,0,135.6333,C,First,woman,False,C,Cherbourg,yes,True,1,1,0.9708
3,male,61.0,0,0,6.2375,S,Third,man,True,,Southampton,no,True,0,0,0.9753
2,female,36.0,0,0,13.0,S,Second,woman,False,D,Southampton,yes,True,1,1,0.9422
3,female,31.0,1,1,20.525,S,Third,woman,False,,Southampton,yes,False,1,1,0.5975
1,female,16.0,0,1,57.9792,C,First,woman,False,B,Cherbourg,yes,False,1,1,0.9838
3,female,,2,0,23.25,Q,Third,woman,False,,Queenstown,yes,False,1,1,0.7224
1,male,45.5,0,0,28.5,S,First,man,True,C,Southampton,no,True,0,0,0.8386
1,male,38.0,0,1,153.4625,S,First,man,True,C,Southampton,no,False,0,0,0.7863
3,male,16.0,2,0,18.0,S,Third,man,True,,Southampton,no,False,0,0,0.949
1,female,,1,0,133.65,S,First,woman,False,,Southampton,yes,False,1,1,0.9589
3,male,,0,0,7.8958,S,Third,man,True,,Southampton,no,True,0,0,0.9443
1,male,29.0,1,0,66.6,S,First,man,True,C,Southampton,no,False,0,0,0.8086
1,female,41.0,0,0,134.5,C,First,woman,False,E,Cherbourg,yes,True,1,1,0.9893
3,male,45.0,0,0,8.05,S,Third,man,True,,Southampton,yes,True,1,0,0.8269
1,male,45.0,0,0,35.5,S,First,man,True,,Southampton,no,True,0,0,0.7961
2,male,2.0,1,1,26.0,S,Second,child,False,F,Southampton,yes,False,1,1,0.9277
1,female,24.0,3,2,263.0,S,First,woman,False,C,Southampton,yes,False,1,1,0.8351
2,male,28.0,0,0,13.0,S,Second,man,True,,Southampton,no,True,0,0,0.835
2,male,25.0,0,0,13.0,S,Second,man,True,,Southampton,no,True,0,0,0.9028
2,male,36.0,0,0,13.0,S,Second,man,True,,Southampton,no,True,0,0,0.9085
2,female,24.0,0,0,13.0,S,Second,woman,False,F,Southampton,yes,True,1,1,0.8821
2,female,40.0,0,0,13.0,S,Second,woman,False,,Southampton,yes,True,1,1,0.7941
3,female,,1,0,16.1,S,Third,woman,False,,Southampton,yes,False,1,1,0.6436
3,male,3.0,1,1,15.9,S,Third,child,False,,Southampton,yes,False,1,1,0.8262
3,male,42.0,0,0,8.6625,S,Third,man,True,,Southampton,no,True,0,0,0.9169
3,male,23.0,0,0,9.225,S,Third,man,True,,Southampton,no,True,0,0,0.9415
1,male,,0,0,35.0,S,First,man,True,C,Southampton,no,True,0,0,0.6753
3,male,15.0,1,1,7.2292,C,Third,child,False,,Cherbourg,no,False,0,1,0.5368
3,male,25.0,1,0,17.8,S,Third,man,True,,Southampton,no,False,0,0,0.9313
3,male,,0,0,7.225,C,Third,man,True,,Cherbourg,no,True,0,0,0.8885
3,male,28.0,0,0,9.5,S,Third,man,True,,Southampton,no,True,0,0,0.8982
1,female,22.0,0,1,55.0,S,First,woman,False,E,Southampton,yes,False,1,1,0.9888
2,female,38.0,0,0,13.0,S,Second,woman,False,,Southampton,no,True,0,1,0.7172
3,female,,0,0,7.8792,Q,Third,woman,False,,Queenstown,yes,True,1,1,0.7784
3,female,,0,0,7.8792,Q,Third,woman,False,,Queenstown,yes,True,1,1,0.7784
3,male,40.0,1,4,27.9,S,Third,man,True,,Southampton,no,False,0,0,0.9372
2,male,29.0,1,0,27.7208,C,Second,man,True,,Cherbourg,no,False,0,0,0.7492
3,female,45.0,0,1,14.4542,C,Third,woman,False,,Cherbourg,no,False,0,0,0.7141
3,male,35.0,0,0,7.05,S,Third,man,True,,Southampton,no,True,0,0,0.9608
3,male,,1,0,15.5,Q,Third,man,True,,Queenstown,no,False,0,0,0.8805
3,male,30.0,0,0,7.25,S,Third,man,True,,Southampton,no,True,0,0,0.9506
1,female,60.0,1,0,75.25,C,First,woman,False,D,Cherbourg,yes,False,1,1,0.967
3,female,,0,0,7.2292,C,Third,woman,False,,Cherbourg,yes,True,1,1,0.7591
3,female,,0,0,7.75,Q,Third,woman,False,,Queenstown,yes,True,1,1,0.7365
1,female,24.0,0,0,69.3,C,First,woman,False,B,Cherbourg,yes,True,1,1,0.9794
1,male,25.0,1,0,55.4417,C,First,man,True,E,Cherbourg,yes,False,1,1,0.8499
3,male,18.0,1,0,6.4958,S,Third,man,True,,Southampton,no,False,0,0,0.9344
3,male,19.0,0,0,8.05,S,Third,man,True,,Southampton,no,True,0,0,0.7569
1,male,22.0,0,0,135.6333,C,First,man,True,,Cherbourg,no,True,0,0,0.737
3,female,3.0,3,1,21.075,S,Third,child,False,,Southampton,no,False,0,0,0.6959
1,female,,1,0,82.1708,C,First,woman,False,,Cherbourg,yes,False,1,1,0.9666
3,female,22.0,0,0,7.25,S,Third,woman,False,,Southampton,yes,True,1,1,0.7259
1,male,27.0,0,2,211.5,C,First,man,True,C,Cherbourg,no,False,0,0,0.742
3,male,20.0,0,0,4.0125,C,Third,man,True,,Cherbourg,no,True,0,0,0.8815
3,male,19.0,0,0,7.775,S,Third,man,True,,Southampton,no,True,0,0,0.9243
1,female,42.0,0,0,227.525,C,First,woman,False,,Cherbourg,yes,True,1,1,0.9604
3,female,1.0,0,2,15.7417,C,Third,child,False,,Cherbourg,yes,False,1,1,0.8972
3,male,32.0,0,0,7.925,S,Third,man,True,,Southampton,no,True,0,0,0.7434
1,female,35.0,1,0,52.0,S,First,woman,False,,Southampton,yes,False,1,1,0.9427
3,male,,0,0,7.8958,S,Third,man,True,,Southampton,no,True,0,0,0.9443
2,male,18.0,0,0,73.5,S,Second,man,True,,Southampton,no,True,0,0,0.8609
3,male,1.0,5,2,46.9,S,Third,child,False,,Southampton,no,False,0,0,0.9336
2,female,36.0,0,0,13.0,S,Second,woman,False,,Southampton,yes,True,1,1,0.8731
3,male,,0,0,7.7292,Q,Third,man,True,,Queenstown,no,True,0,0,0.9266
2,female,17.0,0,0,12.0,C,Second,woman,False,,Cherbourg,yes,True,1,1,0.9226
1,male,36.0,1,2,120.0,S,First,man,True,B,Southampton,yes,False,1,1,0.6069
3,male,21.0,0,0,7.7958,S,Third,man,True,,Southampton,yes,True,1,0,0.8435
3,male,28.0,2,0,7.925,S,Third,man,True,,Southampton,no,False,0,0,0.9234
1,female,23.0,1,0,113.275,C,First,woman,False,D,Cherbourg,yes,False,1,1,0.9877
3,female,24.0,0,2,16.7,S,Third,woman,False,G,Southampton,yes,False,1,1,0.7714
3,male,22.0,0,0,7.7958,S,Third,man,True,,Southampton,no,True,0,0,0.9114
3,female,31.0,0,0,7.8542,S,Third,woman,False,,Southampton,no,True,0,0,0.5009
2,male,46.0,0,0,26.0,S,Second,man,True,,Southampton,no,True,0,0,0.9301
2,male,23.0,0,0,10.5,S,Second,man,True,,Southampton,no,True,0,0,0.9101
2,female,28.0,0,0,12.65,S,Second,woman,False,,Southampton,yes,True,1,1,0.8915
3,male,39.0,0,0,7.925,S,Third,man,True,,Southampton,yes,True,1,0,0.8109
3,male,26.0,0,0,8.05,S,Third,man,True,,Southampton,no,True,0,0,0.9033
3,female,21.0,1,0,9.825,S,Third,woman,False,,Southampton,no,False,0,0,0.6088
3,male,28.0,1,0,15.85,S,Third,man,True,,Southampton,no,False,0,0,0.9319
3,female,20.0,0,0,8.6625,S,Third,woman,False,,Southampton,no,True,0,0,0.5953
2,male,34.0,1,0,21.0,S,Second,man,True,,Southampton,no,False,0,0,0.9038
3,male,51.0,0,0,7.75,S,Third,man,True,,Southampton,no,True,0,0,0.9596
2,male,3.0,1,1,18.75,S,Second,child,False,,Southampton,yes,False,1,1,0.9146
3,male,21.0,0,0,7.775,S,Third,man,True,,Southampton,no,True,0,0,0.9066
3,female,,3,1,25.4667,S,Third,woman,False,,Southampton,no,False,0,0,0.8811
3,male,,0,0,7.8958,S,Third,man,True,,Southampton,no,True,0,0,0.9443
3,male,,0,0,6.8583,Q,Third,man,True,,Queenstown,no,True,0,0,0.9496
1,female,33.0,1,0,90.0,Q,First,woman,False,C,Queenstown,yes,False,1,1,0.9647
2,male,,0,0,0.0,S,Second,man,True,,Southampton,no,True,0,0,0.9209
3,male,44.0,0,0,7.925,S,Third,man,True,,Southampton,yes,True,1,0,0.7092
3,female,,0,0,8.05,S,Third,woman,False,,Southampton,no,True,0,0,0.6005
2,female,34.0,1,1,32.5,S,Second,woman,False,,Southampton,yes,False,1,1,0.8849
2,female,18.0,0,2,13.0,S,Second,woman,False,,Southampton,yes,False,1,1,0.8902
2,male,30.0,0,0,13.0,S,Second,man,True,,Southampton,no,True,0,0,0.8475
3,female,10.0,0,2,24.15,S,Third,child,False,,Southampton,no,False,0,0,0.6776
3,male,,0,0,7.8958,C,Third,man,True,,Cherbourg,no,True,0,0,0.8776
3,male,21.0,0,0,7.7333,Q,Third,man,True,,Queenstown,no,True,0,0,0.9083
3,male,29.0,0,0,7.875,S,Third,man,True,,Southampton,no,True,0,0,0.9096
3,female,28.0,1,1,14.4,S,Third,woman,False,,Southampton,no,False,0,0,0.6907
3,male,18.0,1,1,20.2125,S,Third,man,True,,Southampton,no,False,0,0,0.9389
3,male,,0,0,7.25,S,Third,man,True,,Southampton,no,True,0,0,0.9478
2,female,28.0,1,0,26.0,S,Second,woman,False,,Southampton,yes,False,1,1,0.876
2,female,19.0,0,0,26.0,S,Second,woman,False,,Southampton,yes,True,1,1,0.9034
3,male,,0,0,7.75,Q,Third,man,True,,Queenstown,no,True,0,0,0.8786
3,male,32.0,0,0,8.05,S,Third,man,True,E,Southampton,yes,True,1,1,0.5088
1,male,28.0,0,0,26.55,S,First,man,True,C,Southampton,yes,True,1,0,0.5416
3,female,,1,0,16.1,S,Third,woman,False,,Southampton,yes,False,1,1,0.6436
2,female,42.0,1,0,26.0,S,Second,woman,False,,Southampton,yes,False,1,1,0.8188
3,male,17.0,0,0,7.125,S,Third,man,True,,Southampton,no,True,0,0,0.9329
1,male,50.0,1,0,55.9,S,First,man,True,E,Southampton,no,False,0,0,0.5726
1,female,14.0,1,2,120.0,S,First,child,False,B,Southampton,yes,False,1,1,0.953
3,female,21.0,2,2,34.375,S,Third,woman,False,,Southampton,no,False,0,0,0.7661
2,female,24.0,2,3,18.75,S,Second,woman,False,,Southampton,yes,False,1,1,0.7613
1,male,64.0,1,4,263.0,S,First,man,True,C,Southampton,no,False,0,0,0.9397
2,male,31.0,0,0,10.5,S,Second,man,True,,Southampton,no,True,0,0,0.8347
2,female,45.0,1,1,26.25,S,Second,woman,False,,Southampton,yes,False,1,1,0.8064
3,male,20.0,0,0,9.5,S,Third,man,True,,Southampton,no,True,0,0,0.935
3,male,25.0,1,0,7.775,S,Third,man,True,,Southampton,no,False,0,0,0.8403
2,female,28.0,0,0,13.0,S,Second,woman,False,,Southampton,yes,True,1,1,0.8892
3,male,,0,0,8.1125,S,Third,man,True,,Southampton,yes,True,1,0,0.8579
1,male,4.0,0,2,81.8583,S,First,child,False,A,Southampton,yes,False,1,1,0.9737
2,female,13.0,0,1,19.5,S,Second,child,False,,Southampton,yes,False,1,1,0.9066
1,male,34.0,0,0,26.55,S,First,man,True,,Southampton,yes,True,1,1,0.5396
3,female,5.0,2,1,19.2583,C,Third,child,False,,Cherbourg,yes,False,1,1,0.8403
1,male,52.0,0,0,30.5,S,First,man,True,C,Southampton,yes,True,1,0,0.5705
2,male,36.0,1,2,27.75,S,Second,man,True,,Southampton,no,False,0,0,0.902
3,male,,1,0,19.9667,S,Third,man,True,,Southampton,no,False,0,0,0.9365
1,male,30.0,0,0,27.75,C,First,man,True,C,Cherbourg,no,True,0,0,0.7808
1,male,49.0,1,0,89.1042,C,First,man,True,C,Cherbourg,yes,False,1,1,0.5165
3,male,,0,0,8.05,S,Third,man,True,,Southampton,no,True,0,0,0.9306
3,male,29.0,0,0,7.8958,C,Third,man,True,,Cherbourg,yes,True,1,0,0.6587
1,male,65.0,0,0,26.55,S,First,man,True,E,Southampton,no,True,0,0,0.7168
1,female,,1,0,51.8625,S,First,woman,False,D,Southampton,yes,False,1,1,0.9703
2,female,50.0,0,0,10.5,S,Second,woman,False,,Southampton,yes,True,1,1,0.7897
3,male,,0,0,7.75,Q,Third,man,True,,Queenstown,no,True,0,0,0.8786
1,male,48.0,0,0,26.55,S,First,man,True,E,Southampton,yes,True,1,1,0.6205
3,male,34.0,0,0,8.05,S,Third,man,True,,Southampton,no,True,0,0,0.9302
1,male,47.0,0,0,38.5,S,First,man,True,E,Southampton,no,True,0,0,0.744
2,male,48.0,0,0,13.0,S,Second,man,True,,Southampton,no,True,0,0,0.8689
3,male,,0,0,8.05,S,Third,man,True,,Southampton,no,True,0,0,0.9306
3,male,38.0,0,0,7.05,S,Third,man,True,,Southampton,no,True,0,0,0.9669
2,male,,0,0,0.0,S,Second,man,True,,Southampton,no,True,0,0,0.9209
1,male,56.0,0,0,26.55,S,First,man,True,,Southampton,no,True,0,0,0.822
3,male,,0,0,7.725,Q,Third,man,True,,Queenstown,no,True,0,0,0.9266
3,female,0.75,2,1,19.2583,C,Third,child,False,,Cherbourg,yes,False,1,1,0.8241
3,male,,0,0,7.25,S,Third,man,True,,Southampton,no,True,0,0,0.9478
3,male,38.0,0,0,8.6625,S,Third,man,True,,Southampton,no,True,0,0,0.9468
2,female,33.0,1,2,27.75,S,Second,woman,False,,Southampton,yes,False,1,1,0.8522
2,female,23.0,0,0,13.7917,C,Second,woman,False,D,Cherbourg,yes,True,1,1,0.9574
3,female,22.0,0,0,9.8375,S,Third,woman,False,,Southampton,no,True,0,0,0.6068
1,male,,0,0,52.0,S,First,man,True,A,Southampton,no,True,0,0,0.713
2,male,34.0,1,0,21.0,S,Second,man,True,,Southampton,no,False,0,0,0.9038
3,male,29.0,1,0,7.0458,S,Third,man,True,,Southampton,no,False,0,0,0.9557
3,male,22.0,0,0,7.5208,S,Third,man,True,,Southampton,no,True,0,0,0.9289
3,female,2.0,0,1,12.2875,S,Third,child,False,,Southampton,yes,False,1,1,0.8368
3,male,9.0,5,2,46.9,S,Third,child,False,,Southampton,no,False,0,0,0.9536
2,male,,0,0,0.0,S,Second,man,True,,Southampton,no,True,0,0,0.9209
3,male,50.0,0,0,8.05,S,Third,man,True,,Southampton,no,True,0,0,0.9228
3,female,63.0,0,0,9.5875,S,Third,woman,False,,Southampton,yes,True,1,1,0.558
1,male,25.0,1,0,91.0792,C,First,man,True,B,Cherbourg,yes,False,1,1,0.7468
3,female,,3,1,25.4667,S,Third,woman,False,,Southampton,no,False,0,0,0.8811
1,female,35.0,1,0,90.0,S,First,woman,False,C,Southampton,yes,False,1,1,0.9564
1,male,58.0,0,0,29.7,C,First,man,True,B,Cherbourg,no,True,0,0,0.7977
3,male,30.0,0,0,8.05,S,Third,man,True,,Southampton,no,True,0,0,0.9235
3,male,9.0,1,1,15.9,S,Third,child,False,,Southampton,yes,False,1,1,0.6524
3,male,,1,0,19.9667,S,Third,man,True,,Southampton,no,False,0,0,0.9365
3,male,21.0,0,0,7.25,S,Third,man,True,,Southampton,no,True,0,0,0.9248
1,male,55.0,0,0,30.5,S,First,man,True,C,Southampton,no,True,0,0,0.7269
1,male,71.0,0,0,49.5042,C,First,man,True,,Cherbourg,no,True,0,0,0.8962
3,male,21.0,0,0,8.05,S,Third,man,True,,Southampton,no,True,0,0,0.9255
3,male,,0,0,14.4583,C,Third,man,True,,Cherbourg,no,True,0,0,0.8892
1,female,54.0,1,0,78.2667,C,First,woman,False,D,Cherbourg,yes,False,1,1,0.9693
3,male,,0,0,15.1,S,Third,man,True,,Southampton,no,True,0,0,0.9334
1,female,25.0,1,2,151.55,S,First,woman,False,C,Southampton,no,False,0,1,0.6414
3,male,24.0,0,0,7.7958,S,Third,man,True,,Southampton,no,True,0,0,0.9156
3,male,17.0,0,0,8.6625,S,Third,man,True,,Southampton,no,True,0,0,0.9193
3,female,21.0,0,0,7.75,Q,Third,woman,False,,Queenstown,no,True,0,1,0.6915
3,female,,0,0,7.6292,Q,Third,woman,False,,Queenstown,no,True,0,1,0.5927
3,female,37.0,0,0,9.5875,S,Third,woman,False,,Southampton,no,True,0,0,0.6146
1,female,16.0,0,0,86.5,S,First,woman,False,B,Southampton,yes,True,1,1,0.9762
1,male,18.0,1,0,108.9,C,First,man,True,C,Cherbourg,no,False,0,0,0.6579
2,female,33.0,0,2,26.0,S,Second,woman,False,,Southampton,yes,False,1,1,0.8922
1,male,,0,0,26.55,S,First,man,True,,Southampton,yes,True,1,0,0.5416
3,male,28.0,0,0,22.525,S,Third,man,True,,Southampton,no,True,0,0,0.9253
3,male,26.0,0,0,56.4958,S,Third,man,True,,Southampton,yes,True,1,0,0.5276
3,male,29.0,0,0,7.75,Q,Third,man,True,,Queenstown,yes,True,1,0,0.7673
3,male,,0,0,8.05,S,Third,man,True,,Southampton,no,True,0,0,0.9306
1,male,36.0,0,0,26.2875,S,First,man,True,E,Southampton,yes,True,1,1,0.8046
1,female,54.0,1,0,59.4,C,First,woman,False,,Cherbourg,yes,False,1,1,0.9413
3,male,24.0,0,0,7.4958,S,Third,man,True,,Southampton,no,True,0,0,0.9307
1,male,47.0,0,0,34.0208,S,First,man,True,D,Southampton,no,True,0,0,0.723
2,female,34.0,0,0,10.5,S,Second,woman,False,F,Southampton,yes,True,1,1,0.9184
3,male,,0,0,24.15,Q,Third,man,True,,Queenstown,no,True,0,0,0.8754
2,female,36.0,1,0,26.0,S,Second,woman,False,,Southampton,yes,False,1,1,0.8856
3,male,32.0,0,0,7.8958,S,Third,man,True,,Southampton,no,True,0,0,0.8937
1,female,30.0,0,0,93.5,S,First,woman,False,B,Southampton,yes,True,1,1,0.9753
3,male,22.0,0,0,7.8958,S,Third,man,True,,Southampton,no,True,0,0,0.943
3,male,,0,0,7.225,C,Third,man,True,,Cherbourg,no,True,0,0,0.8885
1,female,44.0,0,1,57.9792,C,First,woman,False,B,Cherbourg,yes,False,1,1,0.9723
3,male,,0,0,7.2292,C,Third,man,True,,Cherbourg,no,True,0,0,0.8871
3,male,40.5,0,0,7.75,Q,Third,man,True,,Queenstown,no,True,0,0,0.9526
2,female,50.0,0,0,10.5,S,Second,woman,False,,Southampton,yes,True,1,1,0.7897
1,male,,0,0,221.7792,S,First,man,True,C,Southampton,no,True,0,0,0.7796
3,male,39.0,0,0,7.925,S,Third,man,True,,Southampton,no,True,0,0,0.8109
2,male,23.0,2,1,11.5,S,Second,man,True,,Southampton,no,False,0,0,0.946
2,female,2.0,1,1,26.0,S,Second,child,False,,Southampton,yes,False,1,1,0.8967
3,male,,0,0,7.2292,C,Third,man,True,,Cherbourg,no,True,0,0,0.8871
3,male,17.0,1,1,7.2292,C,Third,man,True,,Cherbourg,no,False,0,0,0.8776
3,female,,0,2,22.3583,C,Third,woman,False,,Cherbourg,yes,False,1,1,0.7077
3,female,30.0,0,0,8.6625,S,Third,woman,False,,Southampton,no,True,0,0,0.5607
2,female,7.0,0,2,26.25,S,Second,child,False,,Southampton,yes,False,1,1,0.9208
1,male,45.0,0,0,26.55,S,First,man,True,B,Southampton,no,True,0,0,0.6225
1,female,30.0,0,0,106.425,C,First,woman,False,,Cherbourg,yes,True,1,1,0.9722
3,male,,0,0,14.5,S,Third,man,True,,Southampton,no,True,0,0,0.9397
1,female,22.0,0,2,49.5,C,First,woman,False,B,Cherbourg,yes,False,1,1,0.9734
1,female,36.0,0,2,71.0,S,First,woman,False,B,Southampton,yes,False,1,1,0.9657
3,female,9.0,4,2,31.275,S,Third,child,False,,Southampton,no,False,0,0,0.9221
3,female,11.0,4,2,31.275,S,Third,child,False,,Southampton,no,False,0,0,0.9247
2,male,32.0,1,0,26.0,S,Second,man,True,,Southampton,yes,False,1,0,0.7459
1,male,50.0,1,0,106.425,C,First,man,True,C,Cherbourg,no,False,0,0,0.6783
1,male,64.0,0,0,26.0,S,First,man,True,,Southampton,no,True,0,0,0.9237
2,female,19.0,1,0,26.0,S,Second,woman,False,,Southampton,yes,False,1,1,0.8927
2,male,,0,0,13.8625,C,Second,man,True,,Cherbourg,yes,True,1,0,0.6537
3,male,33.0,1,1,20.525,S,Third,man,True,,Southampton,no,False,0,0,0.9296
2,male,8.0,1,1,36.75,S,Second,child,False,,Southampton,yes,False,1,1,0.8941
1,male,17.0,0,2,110.8833,C,First,man,True,C,Cherbourg,yes,False,1,0,0.5028
2,male,27.0,0,0,26.0,S,Second,man,True,,Southampton,no,True,0,0,0.8597
3,male,,0,0,7.8292,Q,Third,man,True,,Queenstown,no,True,0,0,0.8906
3,male,22.0,0,0,7.225,C,Third,man,True,,Cherbourg,yes,True,1,0,0.6829
3,female,22.0,0,0,7.775,S,Third,woman,False,,Southampton,yes,True,1,1,0.6394
1,male,62.0,0,0,26.55,S,First,man,True,,Southampton,no,True,0,0,0.8129
1,female,48.0,1,0,39.6,C,First,woman,False,A,Cherbourg,yes,False,1,1,0.9669
1,male,,0,0,227.525,C,First,man,True,,Cherbourg,no,True,0,0,0.7349
1,female,39.0,1,1,79.65,S,First,woman,False,E,Southampton,yes,False,1,1,0.9778
3,female,36.0,1,0,17.4,S,Third,woman,False,,Southampton,yes,False,1,1,0.6755
3,male,,0,0,7.75,Q,Third,man,True,,Queenstown,no,True,0,0,0.8786
3,male,40.0,0,0,7.8958,S,Third,man,True,,Southampton,no,True,0,0,0.9409
2,male,28.0,0,0,13.5,S,Second,man,True,,Southampton,no,True,0,0,0.8715
3,male,,0,0,8.05,S,Third,man,True,,Southampton,no,True,0,0,0.9306
3,female,,0,0,8.05,S,Third,woman,False,,Southampton,no,True,0,0,0.6005
3,male,24.0,2,0,24.15,S,Third,man,True,,Southampton,no,False,0,0,0.9524
3,male,19.0,0,0,7.8958,S,Third,man,True,,Southampton,no,True,0,0,0.9324
3,female,29.0,0,4,21.075,S,Third,woman,False,,Southampton,no,False,0,0,0.6463
3,male,,0,0,7.2292,C,Third,man,True,,Cherbourg,no,True,0,0,0.8871
3,male,32.0,0,0,7.8542,S,Third,man,True,,Southampton,yes,True,1,0,0.793
2,male,62.0,0,0,10.5,S,Second,man,True,,Southampton,yes,True,1,0,0.8534
1,female,53.0,2,0,51.4792,S,First,woman,False,C,Southampton,yes,False,1,1,0.8861
1,male,36.0,0,0,26.3875,S,First,man,True,E,Southampton,yes,True,1,1,0.8046
3,female,,0,0,7.75,Q,Third,woman,False,,Queenstown,yes,True,1,1,0.7365
3,male,16.0,0,0,8.05,S,Third,man,True,,Southampton,no,True,0,0,0.7857
3,male,19.0,0,0,14.5,S,Third,man,True,,Southampton,no,True,0,0,0.9429
2,female,34.0,0,0,13.0,S,Second,woman,False,,Southampton,yes,True,1,1,0.8865
1,female,39.0,1,0,55.9,S,First,woman,False,E,Southampton,yes,False,1,1,0.9805
3,female,,1,0,14.4583,C,Third,woman,False,,Cherbourg,no,False,0,0,0.5763
3,male,32.0,0,0,7.925,S,Third,man,True,,Southampton,yes,True,1,0,0.7434
2,female,25.0,1,1,30.0,S,Second,woman,False,,Southampton,yes,False,1,1,0.8521
1,female,39.0,1,1,110.8833,C,First,woman,False,C,Cherbourg,yes,False,1,1,0.9556
2,male,54.0,0,0,26.0,S,Second,man,True,,Southampton,no,True,0,0,0.9346
1,male,36.0,0,0,40.125,C,First,man,True,A,Cherbourg,no,True,0,0,0.6182
3,male,,0,0,8.7125,C,Third,man,True,,Cherbourg,no,True,0,0,0.8543
1,female,18.0,0,2,79.65,S,First,woman,False,E,Southampton,yes,False,1,1,0.9852
2,male,47.0,0,0,15.0,S,Second,man,True,,Southampton,no,True,0,0,0.9399
1,male,60.0,1,1,79.2,C,First,man,True,B,Cherbourg,yes,False,1,0,0.6669
3,male,22.0,0,0,8.05,S,Third,man,True,,Southampton,no,True,0,0,0.936
3,male,,0,0,8.05,S,Third,man,True,,Southampton,no,True,0,0,0.9306
3,male,35.0,0,0,7.125,S,Third,man,True,,Southampton,no,True,0,0,0.9608
1,female,52.0,1,0,78.2667,C,First,woman,False,D,Cherbourg,yes,False,1,1,0.9722
3,male,47.0,0,0,7.25,S,Third,man,True,,Southampton,no,True,0,0,0.9626
3,female,,0,2,7.75,Q,Third,woman,False,,Queenstown,no,False,0,1,0.5897
2,male,37.0,1,0,26.0,S,Second,man,True,,Southampton,no,False,0,0,0.9194
3,male,36.0,1,1,24.15,S,Third,man,True,,Southampton,no,False,0,0,0.945
2,female,,0,0,33.0,S,Second,woman,False,,Southampton,yes,True,1,1,0.9165
3,male,49.0,0,0,0.0,S,Third,man,True,,Southampton,no,True,0,0,0.9662
3,male,,0,0,7.225,C,Third,man,True,,Cherbourg,no,True,0,0,0.8885
1,male,49.0,1,0,56.9292,C,First,man,True,A,Cherbourg,yes,False,1,1,0.6945
2,female,24.0,2,1,27.0,S,Second,woman,False,,Southampton,yes,False,1,1,0.8289
3,male,,0,0,7.8958,S,Third,man,True,,Southampton,no,True,0,0,0.9443
1,male,,0,0,42.4,S,First,man,True,,Southampton,no,True,0,0,0.8234
3,male,44.0,0,0,8.05,S,Third,man,True,,Southampton,no,True,0,0,0.8861
1,male,35.0,0,0,26.55,C,First,man,True,,Cherbourg,yes,True,1,0,0.5393
3,male,36.0,1,0,15.55,S,Third,man,True,,Southampton,no,False,0,0,0.9372
3,male,30.0,0,0,7.8958,S,Third,man,True,,Southampton,no,True,0,0,0.936
1,male,27.0,0,0,30.5,S,First,man,True,,Southampton,yes,True,1,1,0.5708
2,female,22.0,1,2,41.5792,C,Second,woman,False,,Cherbourg,yes,False,1,1,0.9002
1,female,40.0,0,0,153.4625,S,First,woman,False,C,Southampton,yes,True,1,1,0.9499
3,female,39.0,1,5,31.275,S,Third,woman,False,,Southampton,no,False,0,0,0.8646
3,male,,0,0,7.05,S,Third,man,True,,Southampton,no,True,0,0,0.9538
3,female,,1,0,15.5,Q,Third,woman,False,,Queenstown,yes,False,1,1,0.7644
3,male,,0,0,7.75,Q,Third,man,True,,Queenstown,no,True,0,0,0.8786
3,male,35.0,0,0,8.05,S,Third,man,True,,Southampton,no,True,0,0,0.9313
2,female,24.0,1,2,65.0,S,Second,woman,False,,Southampton,yes,False,1,1,0.8695
3,male,34.0,1,1,14.4,S,Third,man,True,,Southampton,no,False,0,0,0.9545
3,female,26.0,1,0,16.1,S,Third,woman,False,,Southampton,no,False,0,1,0.521
2,female,4.0,2,1,39.0,S,Second,child,False,F,Southampton,yes,False,1,1,0.9439
2,male,26.0,0,0,10.5,S,Second,man,True,,Southampton,no,True,0,0,0.8841
3,male,27.0,1,0,14.4542,C,Third,man,True,,Cherbourg,no,False,0,0,0.8475
1,male,42.0,1,0,52.5542,S,First,man,True,D,Southampton,yes,False,1,1,0.6591
3,male,20.0,1,1,15.7417,C,Third,man,True,,Cherbourg,yes,False,1,0,0.5948
3,male,21.0,0,0,7.8542,S,Third,man,True,,Southampton,no,True,0,0,0.934
3,male,21.0,0,0,16.1,S,Third,man,True,,Southampton,no,True,0,0,0.9326
1,male,61.0,0,0,32.3208,S,First,man,True,D,Southampton,no,True,0,0,0.7812
2,male,57.0,0,0,12.35,Q,Second,man,True,,Queenstown,no,True,0,0,0.9372
1,female,21.0,0,0,77.9583,S,First,woman,False,D,Southampton,yes,True,1,1,0.9785
3,male,26.0,0,0,7.8958,S,Third,man,True,,Southampton,no,True,0,0,0.9278
3,male,,0,0,7.7333,Q,Third,man,True,,Queenstown,no,True,0,0,0.9193
1,male,80.0,0,0,30.0,S,First,man,True,A,Southampton,yes,True,1,0,0.5537
3,male,51.0,0,0,7.0542,S,Third,man,True,,Southampton,no,True,0,0,0.9722
1,male,32.0,0,0,30.5,C,First,man,True,B,Cherbourg,yes,True,1,1,0.7281
1,male,,0,0,0.0,S,First,man,True,,Southampton,no,True,0,0,0.8664
3,female,9.0,3,2,27.9,S,Third,child,False,,Southampton,no,False,0,0,0.8872
2,female,28.0,0,0,13.0,S,Second,woman,False,,Southampton,yes,True,1,1,0.8892
3,male,32.0,0,0,7.925,S,Third,man,True,,Southampton,no,True,0,0,0.7434
2,male,31.0,1,1,26.25,S,Second,man,True,,Southampton,no,False,0,0,0.8876
3,female,41.0,0,5,39.6875,S,Third,woman,False,,Southampton,no,False,0,0,0.8485
3,male,,1,0,16.1,S,Third,man,True,,Southampton,no,False,0,0,0.9332
3,male,20.0,0,0,7.8542,S,Third,man,True,,Southampton,no,True,0,0,0.927
1,female,24.0,0,0,69.3,C,First,woman,False,B,Cherbourg,yes,True,1,1,0.9794
3,female,2.0,3,2,27.9,S,Third,child,False,,Southampton,no,False,0,0,0.8673
3,male,,0,0,56.4958,S,Third,man,True,,Southampton,yes,True,1,0,0.638
3,female,0.75,2,1,19.2583,C,Third,child,False,,Cherbourg,yes,False,1,1,0.8241
1,male,48.0,1,0,76.7292,C,First,man,True,D,Cherbourg,yes,False,1,1,0.6463
3,male,19.0,0,0,7.8958,S,Third,man,True,,Southampton,no,True,0,0,0.9324
1,male,56.0,0,0,35.5,C,First,man,True,A,Cherbourg,yes,True,1,0,0.6426
3,male,,0,0,7.55,S,Third,man,True,,Southampton,no,True,0,0,0.9479
3,female,23.0,0,0,7.55,S,Third,woman,False,,Southampton,yes,True,1,1,0.6982
3,male,,0,0,7.8958,S,Third,man,True,,Southampton,no,True,0,0,0.9443
2,female,18.0,0,1,23.0,S,Second,woman,False,,Southampton,yes,False,1,1,0.9136
3,male,21.0,0,0,8.4333,S,Third,man,True,,Southampton,no,True,0,0,0.939
3,female,,0,0,7.8292,Q,Third,woman,False,,Queenstown,yes,True,1,1,0.7795
3,female,18.0,0,0,6.75,Q,Third,woman,False,,Queenstown,no,True,0,0,0.5472
2,male,24.0,2,0,73.5,S,Second,man,True,,Southampton,no,False,0,0,0.9122
3,male,,0,0,7.8958,S,Third,man,True,,Southampton,no,True,0,0,0.9443
3,female,32.0,1,1,15.5,Q,Third,woman,False,,Queenstown,no,False,0,0,0.541
2,male,23.0,0,0,13.0,S,Second,man,True,,Southampton,no,True,0,0,0.9095
1,male,58.0,0,2,113.275,C,First,man,True,D,Cherbourg,no,False,0,0,0.7085
1,male,50.0,2,0,133.65,S,First,man,True,,Southampton,yes,False,1,0,0.6187
3,male,40.0,0,0,7.225,C,Third,man,True,,Cherbourg,no,True,0,0,0.9498
1,male,47.0,0,0,25.5875,S,First,man,True,E,Southampton,no,True,0,0,0.7552
3,male,36.0,0,0,7.4958,S,Third,man,True,,Southampton,no,True,0,0,0.9564
3,male,20.0,1,0,7.925,S,Third,man,True,,Southampton,yes,False,1,0,0.7357
2,male,32.0,2,0,73.5,S,Second,man,True,,Southampton,no,False,0,0,0.8525
2,male,25.0,0,0,13.0,S,Second,man,True,,Southampton,no,True,0,0,0.9028
3,male,,0,0,7.775,S,Third,man,True,,Southampton,no,True,0,0,0.8679
3,male,43.0,0,0,8.05,S,Third,man,True,,Southampton,no,True,0,0,0.8896
1,female,,1,0,52.0,S,First,woman,False,C,Southampton,yes,False,1,1,0.9375
2,female,40.0,1,1,39.0,S,Second,woman,False,,Southampton,yes,False,1,1,0.8679
1,male,31.0,1,0,52.0,S,First,man,True,B,Southampton,no,False,0,0,0.6351
2,male,70.0,0,0,10.5,S,Second,man,True,,Southampton,no,True,0,0,0.9153
2,male,31.0,0,0,13.0,S,Second,man,True,,Southampton,yes,True,1,0,0.7405
2,male,,0,0,0.0,S,Second,man,True,,Southampton,no,True,0,0,0.9209
3,male,18.0,0,0,7.775,S,Third,man,True,,Southampton,no,True,0,0,0.9285
3,male,24.5,0,0,8.05,S,Third,man,True,,Southampton,no,True,0,0,0.937
3,female,18.0,0,0,9.8417,S,Third,woman,False,,Southampton,yes,True,1,1,0.599
3,female,43.0,1,6,46.9,S,Third,woman,False,,Southampton,no,False,0,0,0.914
1,male,36.0,0,1,512.3292,C,First,man,True,B,Cherbourg,yes,False,1,1,0.8349
3,female,,0,0,8.1375,Q,Third,woman,False,,Queenstown,no,True,0,1,0.588
1,male,27.0,0,0,76.7292,C,First,man,True,D,Cherbourg,yes,True,1,1,0.7238
3,male,20.0,0,0,9.225,S,Third,man,True,,Southampton,no,True,0,0,0.9351
3,male,14.0,5,2,46.9,S,Third,child,False,,Southampton,no,False,0,0,0.957
2,male,60.0,1,1,39.0,S,Second,man,True,,Southampton,no,False,0,0,0.9399
2,male,25.0,1,2,41.5792,C,Second,man,True,,Cherbourg,no,False,0,0,0.8661
3,male,14.0,4,1,39.6875,S,Third,child,False,,Southampton,no,False,0,0,0.915
3,male,19.0,0,0,10.1708,S,Third,man,True,,Southampton,no,True,0,0,0.9101
3,male,18.0,0,0,7.7958,S,Third,man,True,,Southampton,no,True,0,0,0.8914
1,female,15.0,0,1,211.3375,S,First,child,False,B,Southampton,yes,False,1,1,0.9441
1,male,31.0,1,0,57.0,S,First,man,True,B,Southampton,yes,False,1,1,0.6596
3,female,4.0,0,1,13.4167,C,Third,child,False,,Cherbourg,yes,False,1,1,0.9126
3,male,,0,0,56.4958,S,Third,man,True,,Southampton,yes,True,1,0,0.638
3,male,25.0,0,0,7.225,C,Third,man,True,,Cherbourg,no,True,0,0,0.7915
1,male,60.0,0,0,26.55,S,First,man,True,,Southampton,no,True,0,0,0.8281
2,male,52.0,0,0,13.5,S,Second,man,True,,Southampton,no,True,0,0,0.9283
3,male,44.0,0,0,8.05,S,Third,man,True,,Southampton,no,True,0,0,0.8861
3,female,,0,0,7.7333,Q,Third,woman,False,,Queenstown,yes,True,1,1,0.7562
1,male,49.0,1,1,110.8833,C,First,man,True,C,Cherbourg,no,False,0,0,0.6759
3,male,42.0,0,0,7.65,S,Third,man,True,F,Southampton,no,True,0,0,0.9392
1,female,18.0,1,0,227.525,C,First,woman,False,C,Cherbourg,yes,False,1,1,0.9625
1,male,35.0,0,0,26.2875,S,First,man,True,E,Southampton,yes,True,1,1,0.8164
3,female,18.0,0,1,14.4542,C,Third,woman,False,,Cherbourg,no,False,0,0,0.5236
3,male,25.0,0,0,7.7417,Q,Third,man,True,,Queenstown,no,True,0,0,0.9043
3,male,26.0,1,0,7.8542,S,Third,man,True,,Southampton,no,False,0,0,0.9121
2,male,39.0,0,0,26.0,S,Second,man,True,,Southampton,no,True,0,0,0.9134
2,female,45.0,0,0,13.5,S,Second,woman,False,,Southampton,yes,True,1,1,0.829
1,male,42.0,0,0,26.2875,S,First,man,True,E,Southampton,yes,True,1,1,0.7708
1,female,22.0,0,0,151.55,S,First,woman,False,,Southampton,yes,True,1,1,0.9304
3,male,,1,1,15.2458,C,Third,man,True,,Cherbourg,yes,False,1,0,0.6533
1,female,24.0,0,0,49.5042,C,First,woman,False,C,Cherbourg,yes,True,1,1,0.9497
1,male,,0,0,26.55,S,First,man,True,C,Southampton,no,True,0,0,0.5416
1,male,48.0,1,0,52.0,S,First,man,True,C,Southampton,yes,False,1,0,0.6996
3,male,29.0,0,0,9.4833,S,Third,man,True,,Southampton,no,True,0,0,0.7906
2,male,52.0,0,0,13.0,S,Second,man,True,,Southampton,no,True,0,0,0.9099
3,male,19.0,0,0,7.65,S,Third,man,True,F,Southampton,no,True,0,0,0.9005
1,female,38.0,0,0,227.525,C,First,woman,False,C,Cherbourg,yes,True,1,1,0.9645
2,female,27.0,0,0,10.5,S,Second,woman,False,E,Southampton,yes,True,1,1,0.9559
3,male,,0,0,15.5,Q,Third,man,True,,Queenstown,no,True,0,0,0.8878
3,male,33.0,0,0,7.775,S,Third,man,True,,Southampton,no,True,0,0,0.942
2,female,6.0,0,1,33.0,S,Second,child,False,,Southampton,yes,False,1,1,0.9536
3,male,17.0,1,0,7.0542,S,Third,man,True,,Southampton,no,False,0,0,0.9359
2,male,34.0,0,0,13.0,S,Second,man,True,,Southampton,no,True,0,0,0.8863
2,male,50.0,0,0,13.0,S,Second,man,True,,Southampton,no,True,0,0,0.9083
1,male,27.0,1,0,53.1,S,First,man,True,E,Southampton,yes,False,1,1,0.7599
3,male,20.0,0,0,8.6625,S,Third,man,True,,Southampton,no,True,0,0,0.934
2,female,30.0,3,0,21.0,S,Second,woman,False,,Southampton,yes,False,1,1,0.8113
3,female,,0,0,7.7375,Q,Third,woman,False,,Queenstown,yes,True,1,1,0.7562
2,male,25.0,1,0,26.0,S,Second,man,True,,Southampton,no,False,0,0,0.8962
3,female,25.0,1,0,7.925,S,Third,woman,False,,Southampton,no,False,0,0,0.5456
1,female,29.0,0,0,211.3375,S,First,woman,False,B,Southampton,yes,True,1,1,0.9752
3,male,11.0,0,0,18.7875,C,Third,child,False,,Cherbourg,no,True,0,0,0.5208
2,male,,0,0,0.0,S,Second,man,True,,Southampton,no,True,0,0,0.9209
2,male,23.0,0,0,13.0,S,Second,man,True,,Southampton,no,True,0,0,0.9095
2,male,23.0,0,0,13.0,S,Second,man,True,,Southampton,no,True,0,0,0.9095
3,male,28.5,0,0,16.1,S,Third,man,True,,Southampton,no,True,0,0,0.9172
3,female,48.0,1,3,34.375,S,Third,woman,False,,Southampton,no,False,0,0,0.8011
1,male,35.0,0,0,512.3292,C,First,man,True,B,Cherbourg,yes,True,1,1,0.8397
3,male,,0,0,7.8958,S,Third,man,True,,Southampton,no,True,0,0,0.9443
3,male,,0,0,7.8958,S,Third,man,True,,Southampton,no,True,0,0,0.9443
1,male,,0,0,30.0,S,First,man,True,D,Southampton,yes,True,1,1,0.6205
1,male,36.0,1,0,78.85,S,First,man,True,C,Southampton,no,False,0,0,0.7727
1,female,21.0,2,2,262.375,C,First,woman,False,B,Cherbourg,yes,False,1,1,0.9601
3,male,24.0,1,0,16.1,S,Third,man,True,,Southampton,no,False,0,0,0.938
3,male,31.0,0,0,7.925,S,Third,man,True,,Southampton,yes,True,1,0,0.7151
1,male,70.0,1,1,71.0,S,First,man,True,B,Southampton,no,False,0,0,0.8792
3,male,16.0,1,1,20.25,S,Third,man,True,,Southampton,no,False,0,0,0.9365
2,female,30.0,0,0,13.0,S,Second,woman,False,,Southampton,yes,True,1,1,0.887
1,male,19.0,1,0,53.1,S,First,man,True,D,Southampton,no,False,0,0,0.5669
3,male,31.0,0,0,7.75,Q,Third,man,True,,Queenstown,no,True,0,0,0.9259
2,female,4.0,1,1,23.0,S,Second,child,False,,Southampton,yes,False,1,1,0.9205
3,male,6.0,0,1,12.475,S,Third,child,False,E,Southampton,yes,False,1,1,0.921
3,male,33.0,0,0,9.5,S,Third,man,True,,Southampton,no,True,0,0,0.9224
3,male,23.0,0,0,7.8958,S,Third,man,True,,Southampton,no,True,0,0,0.9439
2,female,48.0,1,2,65.0,S,Second,woman,False,,Southampton,yes,False,1,1,0.8305
2,male,0.67,1,1,14.5,S,Second,child,False,,Southampton,yes,False,1,1,0.9063
3,male,28.0,0,0,7.7958,S,Third,man,True,,Southampton,no,True,0,0,0.8664
2,male,18.0,0,0,11.5,S,Second,man,True,,Southampton,no,True,0,0,0.8738
3,male,34.0,0,0,8.05,S,Third,man,True,,Southampton,no,True,0,0,0.9302
1,female,33.0,0,0,86.5,S,First,woman,False,B,Southampton,yes,True,1,1,0.9744
3,male,,0,0,14.5,S,Third,man,True,,Southampton,no,True,0,0,0.9397
3,male,41.0,0,0,7.125,S,Third,man,True,,Southampton,no,True,0,0,0.9677
3,male,20.0,0,0,7.2292,C,Third,man,True,,Cherbourg,yes,True,1,0,0.7501
1,female,36.0,1,2,120.0,S,First,woman,False,B,Southampton,yes,False,1,1,0.9577
3,male,16.0,0,0,7.775,S,Third,man,True,,Southampton,no,True,0,0,0.925
1,female,51.0,1,0,77.9583,S,First,woman,False,D,Southampton,yes,False,1,1,0.9639
1,male,,0,0,39.6,C,First,man,True,,Cherbourg,no,True,0,0,0.7804
3,female,30.5,0,0,7.75,Q,Third,woman,False,,Queenstown,no,True,0,0,0.5505
3,male,,1,0,24.15,Q,Third,man,True,,Queenstown,no,False,0,0,0.8691
3,male,32.0,0,0,8.3625,S,Third,man,True,,Southampton,no,True,0,0,0.8917
3,male,24.0,0,0,9.5,S,Third,man,True,,Southampton,no,True,0,0,0.9421
3,male,48.0,0,0,7.8542,S,Third,man,True,,Southampton,no,True,0,0,0.9131
2,female,57.0,0,0,10.5,S,Second,woman,False,E,Southampton,no,True,0,1,0.694
3,male,,0,0,7.225,C,Third,man,True,,Cherbourg,no,True,0,0,0.8885
2,female,54.0,1,3,23.0,S,Second,woman,False,,Southampton,yes,False,1,1,0.7253
3,male,18.0,0,0,7.75,S,Third,man,True,,Southampton,no,True,0,0,0.9299
3,male,,0,0,7.75,Q,Third,man,True,F,Queenstown,no,True,0,0,0.8365
3,female,5.0,0,0,12.475,S,Third,child,False,,Southampton,yes,True,1,1,0.8667
3,male,,0,0,7.7375,Q,Third,man,True,,Queenstown,no,True,0,0,0.9191
1,female,43.0,0,1,211.3375,S,First,woman,False,B,Southampton,yes,False,1,1,0.9724
3,female,13.0,0,0,7.2292,C,Third,child,False,,Cherbourg,yes,True,1,1,0.7973
1,female,17.0,1,0,57.0,S,First,woman,False,B,Southampton,yes,False,1,1,0.975
1,male,29.0,0,0,30.0,S,First,man,True,D,Southampton,no,True,0,1,0.5424
3,male,,1,2,23.45,S,Third,man,True,,Southampton,no,False,0,0,0.9472
3,male,25.0,0,0,7.05,S,Third,man,True,,Southampton,no,True,0,0,0.8448
3,male,25.0,0,0,7.25,S,Third,man,True,,Southampton,no,True,0,0,0.9248
3,female,18.0,0,0,7.4958,S,Third,woman,False,,Southampton,yes,True,1,1,0.6964
3,male,8.0,4,1,29.125,Q,Third,child,False,,Queenstown,no,False,0,0,0.8991
3,male,1.0,1,2,20.575,S,Third,child,False,,Southampton,yes,False,1,1,0.7837
1,male,46.0,0,0,79.2,C,First,man,True,B,Cherbourg,no,True,0,0,0.6889
3,male,,0,0,7.75,Q,Third,man,True,,Queenstown,no,True,0,0,0.8786
2,male,16.0,0,0,26.0,S,Second,man,True,,Southampton,no,True,0,0,0.8894
3,female,,8,2,69.55,S,Third,woman,False,,Southampton,no,False,0,0,0.971
1,male,,0,0,30.6958,C,First,man,True,,Cherbourg,no,True,0,0,0.6816
3,male,25.0,0,0,7.8958,S,Third,man,True,,Southampton,no,True,0,0,0.9369
2,male,39.0,0,0,13.0,S,Second,man,True,,Southampton,no,True,0,0,0.8984
1,female,49.0,0,0,25.9292,S,First,woman,False,D,Southampton,yes,True,1,1,0.9469
3,female,31.0,0,0,8.6833,S,Third,woman,False,,Southampton,yes,True,1,1,0.6399
3,male,30.0,0,0,7.2292,C,Third,man,True,,Cherbourg,no,True,0,0,0.9302
3,female,30.0,1,1,24.15,S,Third,woman,False,,Southampton,no,False,0,0,0.6909
2,male,34.0,0,0,13.0,S,Second,man,True,,Southampton,no,True,0,0,0.8863
2,female,31.0,1,1,26.25,S,Second,woman,False,,Southampton,yes,False,1,1,0.8785
1,male,11.0,1,2,120.0,S,First,child,False,B,Southampton,yes,False,1,1,0.9426
3,male,0.42,0,1,8.5167,C,Third,child,False,,Cherbourg,yes,False,1,1,0.8749
3,male,27.0,0,0,6.975,S,Third,man,True,,Southampton,yes,True,1,0,0.7401
3,male,31.0,0,0,7.775,S,Third,man,True,,Southampton,no,True,0,0,0.8876
1,male,39.0,0,0,0.0,S,First,man,True,A,Southampton,no,True,0,0,0.8583
3,female,18.0,0,0,7.775,S,Third,woman,False,,Southampton,no,True,0,1,0.5796
2,male,39.0,0,0,13.0,S,Second,man,True,,Southampton,no,True,0,0,0.8984
1,female,33.0,1,0,53.1,S,First,woman,False,E,Southampton,yes,False,1,1,0.9851
3,male,26.0,0,0,7.8875,S,Third,man,True,,Southampton,no,True,0,0,0.9278
3,male,39.0,0,0,24.15,S,Third,man,True,,Southampton,no,True,0,0,0.9395
2,male,35.0,0,0,10.5,S,Second,man,True,,Southampton,no,True,0,0,0.9071
3,female,6.0,4,2,31.275,S,Third,child,False,,Southampton,no,False,0,0,0.8944
3,male,30.5,0,0,8.05,S,Third,man,True,,Southampton,no,True,0,0,0.892
1,male,,0,0,0.0,S,First,man,True,B,Southampton,no,True,0,0,0.8299
3,female,23.0,0,0,7.925,S,Third,woman,False,,Southampton,no,True,0,0,0.5541
2,male,31.0,1,1,37.0042,C,Second,man,True,,Cherbourg,no,False,0,0,0.8681
3,male,43.0,0,0,6.45,S,Third,man,True,,Southampton,no,True,0,0,0.9653
3,male,10.0,3,2,27.9,S,Third,child,False,,Southampton,no,False,0,0,0.9065
1,female,52.0,1,1,93.5,S,First,woman,False,B,Southampton,yes,False,1,1,0.9481
3,male,27.0,0,0,8.6625,S,Third,man,True,,Southampton,yes,True,1,0,0.6963
1,male,38.0,0,0,0.0,S,First,man,True,,Southampton,no,True,0,0,0.8965
3,female,27.0,0,1,12.475,S,Third,woman,False,E,Southampton,yes,False,1,1,0.8611
3,male,2.0,4,1,39.6875,S,Third,child,False,,Southampton,no,False,0,0,0.8941
3,male,,0,0,6.95,Q,Third,man,True,,Queenstown,no,True,0,0,0.9496
3,male,,0,0,56.4958,S,Third,man,True,,Southampton,no,True,0,0,0.638
2,male,1.0,0,2,37.0042,C,Second,child,False,,Cherbourg,yes,False,1,1,0.9465
3,male,,0,0,7.75,Q,Third,man,True,,Queenstown,yes,True,1,0,0.8786
1,female,62.0,0,0,80.0,,First,woman,False,B,,yes,True,1,1,0.9497
3,female,15.0,1,0,14.4542,C,Third,child,False,,Cherbourg,yes,False,1,1,0.536
2,male,0.83,1,1,18.75,S,Second,child,False,,Southampton,yes,False,1,1,0.9125
3,male,,0,0,7.2292,C,Third,man,True,,Cherbourg,no,True,0,0,0.8871
3,male,23.0,0,0,7.8542,S,Third,man,True,,Southampton,no,True,0,0,0.9429
3,male,18.0,0,0,8.3,S,Third,man,True,,Southampton,no,True,0,0,0.9126
1,female,39.0,1,1,83.1583,C,First,woman,False,E,Cherbourg,yes,False,1,1,0.9838
3,male,21.0,0,0,8.6625,S,Third,man,True,,Southampton,no,True,0,0,0.9392
3,male,,0,0,8.05,S,Third,man,True,,Southampton,no,True,0,0,0.9306
3,male,32.0,0,0,56.4958,S,Third,man,True,,Southampton,yes,True,1,1,0.5001
1,male,,0,0,29.7,C,First,man,True,C,Cherbourg,yes,True,1,0,0.5424
3,male,20.0,0,0,7.925,S,Third,man,True,,Southampton,no,True,0,0,0.8551
2,male,16.0,0,0,10.5,S,Second,man,True,,Southampton,no,True,0,0,0.8544
1,female,30.0,0,0,31.0,C,First,woman,False,,Cherbourg,yes,True,1,1,0.9588
3,male,34.5,0,0,6.4375,C,Third,man,True,,Cherbourg,no,True,0,0,0.9535
3,male,17.0,0,0,8.6625,S,Third,man,True,,Southampton,no,True,0,0,0.9193
3,male,42.0,0,0,7.55,S,Third,man,True,,Southampton,no,True,0,0,0.9617
3,male,,8,2,69.55,S,Third,man,True,,Southampton,no,False,0,0,0.9813
3,male,35.0,0,0,7.8958,C,Third,man,True,,Cherbourg,no,True,0,0,0.9255
2,male,28.0,0,1,33.0,S,Second,man,True,,Southampton,no,False,0,0,0.8493
1,female,,1,0,89.1042,C,First,woman,False,C,Cherbourg,yes,False,1,1,0.9707
3,male,4.0,4,2,31.275,S,Third,child,False,,Southampton,no,False,0,0,0.8356
3,male,74.0,0,0,7.775,S,Third,man,True,,Southampton,no,True,0,0,0.9723
3,female,9.0,1,1,15.2458,C,Third,child,False,,Cherbourg,no,False,0,1,0.5758
1,female,16.0,0,1,39.4,S,First,woman,False,D,Southampton,yes,False,1,1,0.9796
2,female,44.0,1,0,26.0,S,Second,woman,False,,Southampton,no,False,0,1,0.6706
3,female,18.0,0,1,9.35,S,Third,woman,False,,Southampton,yes,False,1,1,0.6612
1,female,45.0,1,1,164.8667,S,First,woman,False,,Southampton,yes,False,1,1,0.9188
1,male,51.0,0,0,26.55,S,First,man,True,E,Southampton,yes,True,1,1,0.5348
3,female,24.0,0,3,19.2583,C,Third,woman,False,,Cherbourg,yes,False,1,1,0.7493
3,male,,0,0,7.2292,C,Third,man,True,,Cherbourg,no,True,0,0,0.8871
3,male,41.0,2,0,14.1083,S,Third,man,True,,Southampton,no,False,0,0,0.9597
2,male,21.0,1,0,11.5,S,Second,man,True,,Southampton,no,False,0,0,0.9063
1,female,48.0,0,0,25.9292,S,First,woman,False,D,Southampton,yes,True,1,1,0.9484
3,female,,8,2,69.55,S,Third,woman,False,,Southampton,no,False,0,0,0.971
2,male,24.0,0,0,13.0,S,Second,man,True,,Southampton,no,True,0,0,0.9107
2,female,42.0,0,0,13.0,S,Second,woman,False,,Southampton,yes,True,1,1,0.8181
2,female,27.0,1,0,13.8583,C,Second,woman,False,,Cherbourg,yes,False,1,1,0.8594
1,male,31.0,0,0,50.4958,S,First,man,True,A,Southampton,no,True,0,0,0.7207
3,male,,0,0,9.5,S,Third,man,True,,Southampton,no,True,0,0,0.8982
3,male,4.0,1,1,11.1333,S,Third,child,False,,Southampton,yes,False,1,1,0.8141
3,male,26.0,0,0,7.8958,S,Third,man,True,,Southampton,no,True,0,0,0.9278
1,female,47.0,1,1,52.5542,S,First,woman,False,D,Southampton,yes,False,1,1,0.9507
1,male,33.0,0,0,5.0,S,First,man,True,B,Southampton,no,True,0,0,0.8444
3,male,47.0,0,0,9.0,S,Third,man,True,,Southampton,no,True,0,0,0.9252
2,female,28.0,1,0,24.0,C,Second,woman,False,,Cherbourg,yes,False,1,1,0.9206
3,female,15.0,0,0,7.225,C,Third,child,False,,Cherbourg,yes,True,1,1,0.793
3,male,20.0,0,0,9.8458,S,Third,man,True,,Southampton,no,True,0,0,0.9349
3,male,19.0,0,0,7.8958,S,Third,man,True,,Southampton,no,True,0,0,0.9324
3,male,,0,0,7.8958,S,Third,man,True,,Southampton,no,True,0,0,0.9443
1,female,56.0,0,1,83.1583,C,First,woman,False,C,Cherbourg,yes,False,1,1,0.9511
2,female,25.0,0,1,26.0,S,Second,woman,False,,Southampton,yes,False,1,1,0.8655
3,male,33.0,0,0,7.8958,S,Third,man,True,,Southampton,no,True,0,0,0.9421
3,female,22.0,0,0,10.5167,S,Third,woman,False,,Southampton,no,True,0,0,0.5791
2,male,28.0,0,0,10.5,S,Second,man,True,,Southampton,no,True,0,0,0.8863
3,male,25.0,0,0,7.05,S,Third,man,True,,Southampton,no,True,0,0,0.8448
3,female,39.0,0,5,29.125,Q,Third,woman,False,,Queenstown,no,False,0,0,0.8518
2,male,27.0,0,0,13.0,S,Second,man,True,,Southampton,no,True,0,0,0.8323
1,female,19.0,0,0,30.0,S,First,woman,False,B,Southampton,yes,True,1,1,0.9694
3,female,,1,2,23.45,S,Third,woman,False,,Southampton,no,False,0,0,0.7183
1,male,26.0,0,0,30.0,C,First,man,True,C,Cherbourg,yes,True,1,1,0.5654
3,male,32.0,0,0,7.75,Q,Third,man,True,,Queenstown,no,True,0,0,0.9266
